{"version":2,"hash":{"type":"Buffer","data":"FnGERXRi5SmImIlu/HyhxBrYaaGr/ab7uREhTVvUE5VKzSN37tS8DK0BPxv1fwzj1X1Q+/mTjMDdAPpZwm2dJSL+wH21lg4Uq9nAK4nDuiqNFRy7FRvu6IXDd8zC/9wGK41rI/JkW7diNumUwk/N694bRhzmjCh7+B5m0G0hyxg="},"indexValueMap":{"INfFL++x/yzge1yUjkm6RCdZ8u0vxcT6x59mFce09dA=":{"valueMac":{"type":"Buffer","data":"7IpyY+CYV1jQZvoZ03aJNxpRLjPNDa2n1XbywTvS4m4="}},"74cVqUF953fxtkB6K9aJpNrCmqkWXRQajAgxJgmQC0w=":{"valueMac":{"type":"Buffer","data":"HI3cPBL2Jh6yQnMlQQeByWyWSV4CIr+RSt7+0I8VLTE="}},"X+D8ydlkIw/jAgXsUui+Y57zGYIkHkOhPu311clSU98=":{"valueMac":{"type":"Buffer","data":"TvhTRIcxAkOIpSnMGvEz2W4qL8jRCu/izy46AUnswGQ="}},"D191vUPmrBNVj6iQYkZumpBy00LiTjnfYVYiFCN41as=":{"valueMac":{"type":"Buffer","data":"ZV9ENMfKWUXaLoXpv+gXvaE1npiIuLo3e2TNydWW4J8="}},"3J1CAXQhQzgom25OFx/l7mDCakzLffiwQs3HfTq23iQ=":{"valueMac":{"type":"Buffer","data":"9e1A2FyLhFbx+8493TGVNKj3Tv9Es9/fMdK6FjpraK8="}},"jjflMEEGLD3LlsXoRWbCdb+i6sfcU8rcLfS76NGcTxU=":{"valueMac":{"type":"Buffer","data":"20P7etDBkyqdiejsMqQenBHsdf+OY91gpi7Jft4GVqM="}},"IqgOLVY8ec3KM9WB4K6Tnb6/SW3cHsloYxl/cmM8dqU=":{"valueMac":{"type":"Buffer","data":"cIHh9HT5UVnJinmU7vn+XcvkR5fg7XoQM8zyoUmafyg="}},"BIOJskJAaMpirIld5eBN0SFOhBDACGBNmSoGcNlMPEE=":{"valueMac":{"type":"Buffer","data":"yc2hxKGKrKDBxVMNK2yvymowbomBBMrChmg4g3aR+dY="}},"YQC9wERoXh1iR75wm0yarGQ7T7eSwyKybgULfzYxYWI=":{"valueMac":{"type":"Buffer","data":"/p6IY0gvRsFCe3+Y3gRvmEF4IFK/uFDGM4eS1McHWy4="}},"eatunrfcVny11BdmMLkaponC+GSHkzdUu6bGtiIEics=":{"valueMac":{"type":"Buffer","data":"bCBUOpzevm/2cvs7dwWvlIdfm0fI6QtqzUOw7yHszg4="}},"VPmw0+OpnriCVDIW/e7slP0jO7fUM/riW+mUXuyUhDs=":{"valueMac":{"type":"Buffer","data":"19lbvs8YIaUuO4XTAQiFSQIoVdiXsLGN10/8Hiqq7oU="}},"ZvXhOBcbDHpDhjCO9JQwA2Se9B44dffNZHqi7ko1/vk=":{"valueMac":{"type":"Buffer","data":"sgdPvJ6ijt7dEkXtmnBBtctDNaym0OXOZ1nRiQa9aDo="}},"AlJFJeQeqtL0/lxF5IEV65bTdnxjA2Uzt0XjdrajLwY=":{"valueMac":{"type":"Buffer","data":"W0jB1/+Y7dgsbxLPDmR6hGrHT9JqUhhWzmUumiOBDDs="}}}}