{"noiseKey":{"private":{"type":"Buffer","data":"KBUrmfx7pGPPrsEHtkv6gDfPd6YJvjPztXLvrIkeT3c="},"public":{"type":"Buffer","data":"3nqAkZ7BJkWVs+3TmfN2L1R1izmKFc4P8pX1z1wdGz0="}},"pairingEphemeralKeyPair":{"private":{"type":"Buffer","data":"UF3vqEeMEO64xuSpWtrf/XEv/AMqENhXhKGIKdB+OlE="},"public":{"type":"Buffer","data":"fmYOJmr5QpT9XQKBDZLaNukEFc9+c/GbhUhetpbOGSI="}},"signedIdentityKey":{"private":{"type":"Buffer","data":"+MbiUnm9/UMy5yx9Ju9HUrYqkiqG3csMFDGRxeP9kUE="},"public":{"type":"Buffer","data":"cbKeKKlk3oH7jLqjq3dQDPvdj92rqPyfQGakwmn3f2Q="}},"signedPreKey":{"keyPair":{"private":{"type":"Buffer","data":"4IgijjbzJJhGOs9STfy7/I9hUXl4zj4Zu98Vw5SciXg="},"public":{"type":"Buffer","data":"L42o9caOMfWfhEx3BoHpAwB/jDgq/1MIenWiXvgclXM="}},"signature":{"type":"Buffer","data":"I48VDh4xtcYOWGJzXmP6YKdFZYtVTUnI7woNAGMFDJqLGZSB6R28eGLrb0J8X4UonU9fYFpoQ5UDxRR+lUIgiA=="},"keyId":1},"registrationId":9,"advSecretKey":"JHt/5uSTqX01uHtr4Z8+IryZ6CUpFokPz0NL9BZjEVk=","processedHistoryMessages":[{"key":{"remoteJid":"6283806733358@s.whatsapp.net","fromMe":true,"id":"CDEE668577883D2CD50657B4612A127C"},"messageTimestamp":1749629629},{"key":{"remoteJid":"6283806733358@s.whatsapp.net","fromMe":true,"id":"AAA7847DADE1595D21AA3D9BBAE0D8E5"},"messageTimestamp":1749629629},{"key":{"remoteJid":"6283806733358@s.whatsapp.net","fromMe":true,"id":"D1AD5D22BD5278E1A4870664B5525413"},"messageTimestamp":1749629630},{"key":{"remoteJid":"6283806733358@s.whatsapp.net","fromMe":true,"id":"2E35730F17D799EB83DCACA7210DD3F4"},"messageTimestamp":1749629630}],"nextPreKeyId":31,"firstUnuploadedPreKeyId":31,"accountSyncCounter":1,"accountSettings":{"unarchiveChats":false},"registered":false,"account":{"details":"CMPQ+vQFELr1pMIGGAEgACgA","accountSignatureKey":"HjwShpU0IFpiVnHgOssRplcYcZrBhSaIjx3+K5J7cis=","accountSignature":"wUHaNiYl4Jk6rglwSRz6NChNBKRXIIom/b2B74K6WTPojdLrMm+FwL2x/33mHEpUc2D0bz47kezOjoSPkg9LBw==","deviceSignature":"y4j75l/0Be0z90Lxt9xPPsTAt5EqWEi554svlMBZ91qMwS23P2raTjqIJsGZ8VMLAbrNhWwxo/UpdaQUWMc5gw=="},"me":{"id":"6283806733358:23@s.whatsapp.net","name":"apaja","lid":"141291690143942:23@lid"},"signalIdentities":[{"identifier":{"name":"6283806733358:23@s.whatsapp.net","deviceId":0},"identifierKey":{"type":"Buffer","data":"BR48EoaVNCBaYlZx4DrLEaZXGHGawYUmiI8d/iuSe3Ir"}}],"platform":"smba","routingInfo":{"type":"Buffer","data":"CAIICA=="},"lastAccountSyncTimestamp":1749629821,"lastPropHash":"1K4hH4","myAppStateKeyId":"AAAAACNe"}