{"_sessions":{"BUcLBqRqnAJpEbenS0gt73SdIWSdpsE6sO0DoDnshjht":{"registrationId":161823683,"currentRatchet":{"ephemeralKeyPair":{"pubKey":"BSVNKOt108+nnh7BKnb63M+mvBbmUyYpcUzDFRiybB1z","privKey":"MAtiF5hYu8YEcUWQ/QUivBk9ZVEc7lhE4/6rdCDJQWQ="},"lastRemoteEphemeralKey":"Bc3IV8RBHCS6D20hUGReIwHQFeNFyq6u7AZYKtdMz/Zd","previousCounter":0,"rootKey":"VasxrMASlw5FuZBMwbtnq5VVzIx+mKoBxEogTVNMlqk="},"indexInfo":{"baseKey":"BUcLBqRqnAJpEbenS0gt73SdIWSdpsE6sO0DoDnshjht","baseKeyType":2,"closed":-1,"used":1749639383886,"created":1749636448252,"remoteIdentityKey":"BYap1qDzIhEqcNx3nfCCLYEE/jxAM8XQsqJgMejD+5NU"},"_chains":{"Bb1Mx9qaY+0DyGRPVibCD/wQmvkTgQLhRUG4uvCSyPpw":{"chainKey":{"counter":2},"chainType":2,"messageKeys":{}},"BY1E6jbkyfVwoUU+p4aPMUy+yNQbnQbqotIX3nO+YgEQ":{"chainKey":{"counter":0},"chainType":2,"messageKeys":{}},"Bc3IV8RBHCS6D20hUGReIwHQFeNFyq6u7AZYKtdMz/Zd":{"chainKey":{"counter":0,"key":"7p60aMFaOpLi0bZPX0M60nU3kFuwdvplCy+ghnZ2KGk="},"chainType":2,"messageKeys":{}},"BSVNKOt108+nnh7BKnb63M+mvBbmUyYpcUzDFRiybB1z":{"chainKey":{"counter":0,"key":"fi1odrX2Ty3Tr5Dyqj4C0CN6jTL8cbVnfx2sqyTo9gE="},"chainType":1,"messageKeys":{}}}}},"version":"v1"}