{"_sessions":{"BaZhHaHyXLd6o9wlxaLl5xk7phu50vzO4IKCPDHf+EoT":{"registrationId":1497267296,"currentRatchet":{"ephemeralKeyPair":{"pubKey":"BR3sBzr2aoMtdTr91y1z4TcOjH3/1ccXE/LjYi9JAYIY","privKey":"cA2066TumJg4TZYZVXtOrc24XQ5awTRWbKnTPA367GA="},"lastRemoteEphemeralKey":"BXkhyXNS3K4bvLmgGTwA8K88CY9tMXmuZz8lj8zmtJhH","previousCounter":0,"rootKey":"Uir8rQappRiZFjxBpySTOPZIIa9y1W/Ckudsbbq1xO4="},"indexInfo":{"baseKey":"BaZhHaHyXLd6o9wlxaLl5xk7phu50vzO4IKCPDHf+EoT","baseKeyType":1,"closed":-1,"used":1749629645935,"created":1749629645935,"remoteIdentityKey":"BdePPrkFWMONhdRkNG60hf1519VlA+oczsco/IVTP6Yr"},"_chains":{"BR3sBzr2aoMtdTr91y1z4TcOjH3/1ccXE/LjYi9JAYIY":{"chainKey":{"counter":55,"key":"EW1lx+tKrqhEPww47aHzPUHuRT+l7/wdzrO4J7fwyoU="},"chainType":1,"messageKeys":{}}},"pendingPreKey":{"signedKeyId":2,"baseKey":"BaZhHaHyXLd6o9wlxaLl5xk7phu50vzO4IKCPDHf+EoT","preKeyId":742}}},"version":"v1"}