{"_sessions":{"BRESW1luPA+kFjVy2WhmQp/g6Wvs0fRPyahveScZEc1g":{"registrationId":1925792951,"currentRatchet":{"ephemeralKeyPair":{"pubKey":"BTwQMfQ1IqxUdBYaPGS9sqSksJ/AoGLaZ15eT7wygINM","privKey":"mJlP2p91bHCVQh9ubYL6RlSQZQS8xoni1MMwciI4vXU="},"lastRemoteEphemeralKey":"Bb9h9o/1/IssPbKyKTCBCw41Vdfw11uCJfizu1pToOxv","previousCounter":0,"rootKey":"zecDVE11drDAau30Az/sNThrrbtJALX3QFrLK0vCS/Q="},"indexInfo":{"baseKey":"BRESW1luPA+kFjVy2WhmQp/g6Wvs0fRPyahveScZEc1g","baseKeyType":2,"closed":-1,"used":1749639383866,"created":1749629645699,"remoteIdentityKey":"BaDTrqrV6ZhYFd3PJulL692aI0DokjhSKdSHw427r/F8"},"_chains":{"BRKJLFwDJYvHeZ54+HcfbPfMFzwiRMFco023LdZBv+8d":{"chainKey":{"counter":0},"chainType":2,"messageKeys":{}},"BalOH6G+L1RSl66ToMjUa59ScT4NZ61h0CZC2cYB/IYz":{"chainKey":{"counter":0},"chainType":2,"messageKeys":{}},"BRiFFJ5HEo4rbUpiXbzFFdATiVXckLt1TMzaxNR28UxT":{"chainKey":{"counter":0},"chainType":2,"messageKeys":{}},"BQS66AAhtYsvBydQ4jE0p+CfIlGN9zHujj+++rUKMsAR":{"chainKey":{"counter":0},"chainType":2,"messageKeys":{}},"BRhD0Dtl+V6qTkh/FVzyIQ0uoVs9Tjp1H3f6pdK8XiM2":{"chainKey":{"counter":0},"chainType":2,"messageKeys":{}},"BXYmhttL19oLbhg18z/9SWSbrDhMq9wvEDoMpePjVCAe":{"chainKey":{"counter":0},"chainType":2,"messageKeys":{}},"BTjv6+DpNQTSVD0r8lOIrfcCq21TQWyKQeX1Mz+hsHB+":{"chainKey":{"counter":0},"chainType":2,"messageKeys":{}},"BZ9NqbBmh8KnG2iemTO2DHS3+UpMGr//OrKZ0QEnRS4Z":{"chainKey":{"counter":0},"chainType":2,"messageKeys":{}},"BfWaN1JtmxpEyMwQVBjPG6KqW7p6HR5eexYDm2wLOeAA":{"chainKey":{"counter":1},"chainType":2,"messageKeys":{}},"BRhanOrMCxUVwX/RfrZ/k2HsOVNdwLBdxxsPEAetvJFv":{"chainKey":{"counter":0},"chainType":2,"messageKeys":{}},"BSOcYV+3FLthvpOZjrSp4iEQQpKqNi5hHO4G5SIF8/kF":{"chainKey":{"counter":0},"chainType":2,"messageKeys":{}},"BacS9JiTdkZEwcrCMHfSadfB8W9bjtJEh9hrvnAprtNq":{"chainKey":{"counter":0},"chainType":2,"messageKeys":{}},"BeN7ITTCHJkBQY05k82nd9wOjkbU6plh6xGl7PGI/VBB":{"chainKey":{"counter":0},"chainType":2,"messageKeys":{}},"BSU2zwifcGS4LCl33lTJ29eUvo9B4u83RlEoLvp9VC4S":{"chainKey":{"counter":2},"chainType":2,"messageKeys":{}},"BThPQEJOSo0w3+LDMrbbX8uYu9qfneZZIJOGDtg6wmUZ":{"chainKey":{"counter":0},"chainType":2,"messageKeys":{}},"BUqtSZ7YcDhN0AGza86Iuo18yiGHckSUSNNRTpfhgMpE":{"chainKey":{"counter":2},"chainType":2,"messageKeys":{}},"BWQG89xGgaUAF3BbOY9S0iThx/4GBBupIfv8hU6gzP4O":{"chainKey":{"counter":1},"chainType":2,"messageKeys":{}},"BdfaFUX0H1N22OVF/gIuut6ZEgP/uIjoBYt4Ejmnc11i":{"chainKey":{"counter":0},"chainType":2,"messageKeys":{}},"BebTzOmTQjllKg7TNC4LnMdM2ezG41NCVOWxFNJjuIZx":{"chainKey":{"counter":1},"chainType":2,"messageKeys":{}},"BVh3eJfsoE5TOd0Oha9NstxJkNaRCp6iOOlE9wGutYdj":{"chainKey":{"counter":2},"chainType":2,"messageKeys":{}},"BcD46nK08F1gL18NLiyGx3fpufHbKXDlDRjj5U1vrvIl":{"chainKey":{"counter":1},"chainType":2,"messageKeys":{}},"Bdbe99PanKb7vZ3+tTWCCZcRhzOwVJjkEV/TkgpSt0B2":{"chainKey":{"counter":0},"chainType":2,"messageKeys":{}},"BXqYf3X1d4y/Idwcnw+bK6huXaSKZLwHHQcO9z9oiZN1":{"chainKey":{"counter":2},"chainType":2,"messageKeys":{}},"BVsVtSBsOgKmBBGgutyu3BCV2T5vfT+Q2rYB9v9HsONl":{"chainKey":{"counter":0},"chainType":2,"messageKeys":{}},"BSAyKp9pHvobsGdkAIBCKwWyNV5PvYPp6eRjbsQqDXFI":{"chainKey":{"counter":0},"chainType":2,"messageKeys":{}},"BS7gY7a5d67Atxt216dNvs1xlT4Tv0ZeVBQOMNsDybtf":{"chainKey":{"counter":0},"chainType":2,"messageKeys":{}},"Bcg/6mrgRvldgAmn0ydFU/90Yg5KkyeCBbCurfk8Mxc+":{"chainKey":{"counter":0},"chainType":2,"messageKeys":{}},"BXmJParlvrgGKwz64Xc3X00np6psRV/ENoTtLZ8PoXRQ":{"chainKey":{"counter":1},"chainType":2,"messageKeys":{}},"BdqZF8Ar5rZN0/3noPrVVapZvNEt3dRg85hWS2zbUkRK":{"chainKey":{"counter":0},"chainType":2,"messageKeys":{}},"BTi+w0wvBLBairY5bxMkqXYUHPa/GonywC4IHYSt1noE":{"chainKey":{"counter":2},"chainType":2,"messageKeys":{}},"BURx0KEol1mK7b6n2gUfU1NSI69nIlcGJEJjaT7487dX":{"chainKey":{"counter":1},"chainType":2,"messageKeys":{}},"BX9pPg+Dbwa7cY5i6fxe1GMv/XaAcmkhsTPF0rcsfgtH":{"chainKey":{"counter":0},"chainType":2,"messageKeys":{}},"BTh3pvaYB8HTJNunZDshpio1K86PwMsb7kn1H3Ux4tt4":{"chainKey":{"counter":2},"chainType":2,"messageKeys":{}},"BboV0JRrpbL0Q7Ple/8WLBzIeoB3wF4h4GfMcGwEPKIQ":{"chainKey":{"counter":0},"chainType":2,"messageKeys":{}},"BaLxE8J7qkp4t3itMz/tKyloU0IjKR+NV+6t2IJCcykZ":{"chainKey":{"counter":0},"chainType":2,"messageKeys":{}},"BTlMBe2sa/y33ccdXbDhIeHKClj7L4dmKNCUDRMFwdsC":{"chainKey":{"counter":1},"chainType":2,"messageKeys":{}},"BdozvJ6IM6CPjS8KEzQjYz/khlADzxe3G0SRkctACZJV":{"chainKey":{"counter":0},"chainType":2,"messageKeys":{}},"BVi2FtpHprtaQRm+ZQ4Cauursa6uVgZF1yWpMPc1YPhB":{"chainKey":{"counter":0},"chainType":2,"messageKeys":{}},"BX4R/g++g/uuo+vx87miin6IDttzS8yKT4edk8ePzqoL":{"chainKey":{"counter":1},"chainType":2,"messageKeys":{}},"BbTBbp9A6VtU0+FC/rBxBHCvT/jykGgFZSTPfrbrNYMK":{"chainKey":{"counter":0},"chainType":2,"messageKeys":{}},"BXgJfgezNtfnyFLtR8cpua9/WzKD7Ohh/SXbJjiJpWIw":{"chainKey":{"counter":0},"chainType":2,"messageKeys":{}},"BeN1khEWUf6BYsGBPE2LJybQ7Yoo4rSuS9vcLYUEOBca":{"chainKey":{"counter":0},"chainType":2,"messageKeys":{}},"BasIdkey1Nil2M2IC4gLsqa9ZJ8qRzTtJ5X3cVD6Pwg5":{"chainKey":{"counter":0},"chainType":2,"messageKeys":{}},"BTQFrQ+hr99oIwY5pNlVYwiuOrth8p+0PWPatYjqRiM+":{"chainKey":{"counter":0},"chainType":2,"messageKeys":{}},"Bf0EuSwiG+iCt5BElx7POx5vWpSn7eICP2MmYWDGGTNQ":{"chainKey":{"counter":0},"chainType":2,"messageKeys":{}},"BSKzX4SYziocFZiR0sMJMdMh45aJPEvGLwI6LYPrs1dM":{"chainKey":{"counter":0},"chainType":2,"messageKeys":{}},"BRJiYPqixyXjnYGlvMiCGccZOluTQW7kneR935LbrakQ":{"chainKey":{"counter":0},"chainType":2,"messageKeys":{}},"BaV1L3nOowPIE2s+xQlEUaCsoPMMJqZJ2nyGk0qUh0gW":{"chainKey":{"counter":0},"chainType":2,"messageKeys":{}},"BcIPK7xEBSdj41xx8hVmtEmqdKSFaQ3sW9wukET8nIRC":{"chainKey":{"counter":0},"chainType":2,"messageKeys":{}},"BYDBjI40kGM2eKPq5oO0rFH2iJGtoDh714xYQzFZBasl":{"chainKey":{"counter":0},"chainType":2,"messageKeys":{}},"BQXbRoLxUtI4Q6soGGkemnmcfby91BoyvHgnxnf3T7U2":{"chainKey":{"counter":0},"chainType":2,"messageKeys":{}},"BYAKFieN0C7YTNuFntn4epVKeYVJRvWLy33di8BneCV9":{"chainKey":{"counter":0},"chainType":2,"messageKeys":{}},"BVQVkd5ZKbiKZ3mF8qk568eUlrPHBLRbjYCn22eLKjok":{"chainKey":{"counter":1},"chainType":2,"messageKeys":{}},"BfEeGH09CDmjG5KTjJsslB+GRJmPEpJHJgi7PIXQyqBB":{"chainKey":{"counter":0},"chainType":2,"messageKeys":{}},"BTJWg6p5EzddnkiR4VxK0U0Tky7H/Ua5XeAPgXsUEIl2":{"chainKey":{"counter":1},"chainType":2,"messageKeys":{}},"Bb9h9o/1/IssPbKyKTCBCw41Vdfw11uCJfizu1pToOxv":{"chainKey":{"counter":1,"key":"Pc9jnfdrzIeGrmYMzh8GhQAT1QJQezM2+MGrQph7IzQ="},"chainType":2,"messageKeys":{}},"BTwQMfQ1IqxUdBYaPGS9sqSksJ/AoGLaZ15eT7wygINM":{"chainKey":{"counter":0,"key":"iQrEX9FAfM5lcJHB7qphnV8ZD7iDxE2Klv8T7g64Y3U="},"chainType":1,"messageKeys":{}}}}},"version":"v1"}