{"_sessions":{"Be1t/MlCZzGjImYzjjrMnWTCbhSc2xuKi+h9zpbxJ3An":{"registrationId":182927214,"currentRatchet":{"ephemeralKeyPair":{"pubKey":"BefHwu1RRq99vRBBScY3baHHrnov4Wc7gfR6z+Hgf3gf","privKey":"mAmQ+nE/belxI47nMu/kKgObywA0hM5qojqRxXbMnXs="},"lastRemoteEphemeralKey":"Be6sFCMhkjPaYk6NkwTW45FswJOYqgCJsqzTJ767xpoT","previousCounter":18,"rootKey":"/GfLir3M2EZM03wG3Nrnf9q6O8+ELgdh5Km602m5jMg="},"indexInfo":{"baseKey":"Be1t/MlCZzGjImYzjjrMnWTCbhSc2xuKi+h9zpbxJ3An","baseKeyType":2,"closed":-1,"used":1749631614121,"created":1749629629629,"remoteIdentityKey":"BR48EoaVNCBaYlZx4DrLEaZXGHGawYUmiI8d/iuSe3Ir"},"_chains":{"BUBt90IJS0XCIf00tDJgtyZgP/v25W3vMn0GpJunoKko":{"chainKey":{"counter":7},"chainType":2,"messageKeys":{}},"Be6sFCMhkjPaYk6NkwTW45FswJOYqgCJsqzTJ767xpoT":{"chainKey":{"counter":1,"key":"iv43/xGHDWIP8IlDtzfMEWSZMYqz4ThKojcAS3tQtdA="},"chainType":2,"messageKeys":{}},"BefHwu1RRq99vRBBScY3baHHrnov4Wc7gfR6z+Hgf3gf":{"chainKey":{"counter":39,"key":"9Q0xbtipfdwphbK0jVvC2pUSENP38xgv1J4sofHlNJI="},"chainType":1,"messageKeys":{}}}}},"version":"v1"}